sigla_sistema,sigla_tickets,regional,supervisor,local,email,direccion,ciudad,provincia,tipo_local,razon_social,tecnico,email_regional,email_supervisor
FSJU,FCSJ3,Hernán Dalto,Micaela Pardo,San Justo,sanjusto3@mostazaweb.com.ar,Arieta 3150,SAN JUSTO,BUENOS AIRES,A la calle,PUESTO RICO S.A.,Fernando Soria,mmedina@mostazaweb.com.ar,mpardo@mostazaweb.com.ar
FLF2,FLF2,Hernán Dalto,Micaela Pardo,Laferrere 2,laferrere2@mostazaweb.com.ar,Av. Luro 5917,LAFERRERE,BUENOS AIRES,A la calle,MAZZBA S.A,Fernando Soria,mmedina@mostazaweb.com.ar,mpardo@mostazaweb.com.ar
FMRAM,FMRAM,Hernán Dalto,Micaela Pardo,Ramos,ramosejia@mostazaweb.com.ar,BELGRANO 86,RAMOS MEJIA,BUENOS AIRES,,NORAND SAS,Fernando Soria,mmedina@mostazaweb.com.ar,mpardo@mostazaweb.com.ar
FLOZ,FMLOA,Hernán Dalto,Micaela Pardo,Lomas Auto,lomas2@mostazaweb.com.ar,Hipolito Yrigoyen 3916,Lomas Oeste,BUENOS AIRES,A la calle,LOMAS BURGER POINT SA,Anabella Guerrero,hdalto@mostazaweb.com.ar,bmoreno@mostazaweb.com.ar
FMLCA,FMLCA,Hernán Dalto,Micaela Pardo,Lomas,,Fonrouge 111 piso 7 dpto 6,Lomas de Zamora,BUENOS AIRES,,LOMAS BURGER POINT SA,Anabella Guerrero,hdalto@mostazaweb.com.ar,bmoreno@mostazaweb.com.ar
FLA2,FMLAC,Hernán Dalto,Micaela Pardo,Lanús 2,lanus2@mostazaweb.com.ar,9 de julio 1476,Lanus este,BUENOS AIRES,A la calle,MUSTARD S.R.L,Anabella Guerrero,criccaddona@mostazaweb.com.ar,acrespin@mostazaweb.com.ar
FMGD,FMGRA,Hernán Dalto,Micaela Pardo,Montegrande,montegrande@mostazaweb.com.ar,Leandro Alem 401,Monte Grande,BUENOS AIRES,A la calle,DECHUNES S.R.L,Anabella Guerrero,mmedina@mostazaweb.com.ar,mpardo@mostazaweb.com.ar
FEZE,FEZEA,Hernán Dalto,Micaela Pardo,Ezeiza,ezeiza@mostazaweb.com.ar,Conquista del Desierto 322,Ezeiza,BUENOS AIRES,A la calle,AGOSBIAN S.R.L,Anabella Guerrero,mmedina@mostazaweb.com.ar,mpardo@mostazaweb.com.ar
FMCAN,FMCAN,Hernán Dalto,Micaela Pardo,Canning,canning@mostazaweb.com.ar,interseccion ruta 58 y Ruta 16,CANNING,BUENOS AIRES,Auto Mostaza,FGC FUELS MARKETING S.A,Anabella Guerrero,mmedina@mostazaweb.com.ar,mpardo@mostazaweb.com.ar
FSJN,FSJUA,Hernán Dalto,Micaela Pardo,San Juan,sanjuan@mostazaweb.com.ar,Tucumán Sur 101,San Juan Capital,SAN JUAN,A la calle / Peatonal,ALIMENTOS DEL OESTE S.R.L,Fernando Soria,mmedina@mostazaweb.com.ar,pmartinez@mostazaweb.com.ar
FSJ2,FMSJ2,Hernán Dalto,Micaela Pardo,San Juan 2,sanjuan2@mostazaweb.com.ar,Av. Libertador Gral. San Martín 1710,San Juan Capital,SAN JUAN,Auto Mostaza,ALIMENTOS DEL OESTE S.R.L,Fernando Soria,mmedina@mostazaweb.com.ar,pmartinez@mostazaweb.com.ar
FLPA,FROSA,Hernán Dalto,Micaela Pardo,La Pampa,santarosa@mostazaweb.com.ar,AV SAN MARTIN 125,SANTA ROSA,LA PAMPA,A la calle,CALDENIA GASTRONOMICA S.R.L.,Tomás Vera,criccaddona@mostazaweb.com.ar,acrespin@mostazaweb.com.ar
FMP1,FMDQG,Hernán Dalto,Mayra Illuminati,Gallegos,losgallegos@mostazaweb.com.ar,BELGRANO 3050,MAR DEL PLATA,BUENOS AIRES,Shopping,FERNANDEZ NATALIA Y DE ZUBIZARRETA FERNANDO S.H.,Fernando Soria,criccaddona@mostazaweb.com.ar,milluminati@mostazaweb.com.ar
FMP2,FMDQ2,Hernán Dalto,Mayra Illuminati,Aldrey,paseoaldrey@mostazaweb.com.ar,SARMIENTO 2685,MAR DEL PLATA,BUENOS AIRES,Shopping,FERNANDEZ NATALIA Y DE ZUBIZARRETA FERNANDO S.H.,Fernando Soria,criccaddona@mostazaweb.com.ar,milluminati@mostazaweb.com.ar
FMD3,FMP3,Hernán Dalto,Mayra Illuminati,La Perla,laperla@mostazaweb.com.ar,HIPOLITO YRIGOYEN 1008,MAR DEL PLATA,BUENOS AIRES,A la calle,VILLA MATILDE MDQ S.A,Fernando Soria,criccaddona@mostazaweb.com.ar,milluminati@mostazaweb.com.ar
FMDQ4,FMDQ4,Hernán Dalto,Mayra Illuminati,San Martin 2,mardelplata4@mostazaweb.com.ar,SAN MARTIN 2501,MAR DEL PLATA,BUENOS AIRES,A la calle,VILLA MATILDE MDQ S.A,Fernando Soria,criccaddona@mostazaweb.com.ar,milluminati@mostazaweb.com.ar
FOLAV,FOLAV,Hernán Dalto,Mayra Illuminati,Olavarría,olavarria@mostazaweb.com.ar,AV.COLON 2716,OLAVARRIA,BUENOS AIRES,Auto Mostaza,FERNANDEZ NATALIA Y DE ZUBIZARRETA FERNANDO S.H.,Fernando Soria,criccaddona@mostazaweb.com.ar,milluminati@mostazaweb.com.ar
FCTA,FTAND,Hernán Dalto,Mayra Illuminati,Tandil,tandil@mostazaweb.com.ar,PANAMA 353,TANDIL,BUENOS AIRES,Shopping,FERNANDEZ NATALIA Y DE ZUBIZARRETA FERNANDO S.H.,Fernando Soria,criccaddona@mostazaweb.com.ar,milluminati@mostazaweb.com.ar
TRD2,TRD2,Hernán Dalto,Mayra Illuminati,Tandil 2,,,,,,,,,
FLP2,FLPCA,Hernán Dalto,Brenda Moreno,La Plata 2,laplata2@mostazaweb.com.ar,calle 47 627 (e 7 y 8),La Plata,BUENOS AIRES,A la calle,FRANUS S.A,Anabella Guerrero,hdalto@mostazaweb.com.ar,egassman@mostazaweb.com.ar
FLP3,FLPC3,Hernán Dalto,Brenda Moreno,La Plata 3,laplata3@mostazaweb.com.ar,calle 8 932 (e 50 y 51),La Plata,BUENOS AIRES,A la calle,GUSPABEL-SOL S.A.,Anabella Guerrero,hdalto@mostazaweb.com.ar,egassman@mostazaweb.com.ar
FLP4,FLPC4,Hernán Dalto,Brenda Moreno,La Plata 4,lp4@mostazaweb.com.ar,calle 12 1200 y calle 56,La Plata,BUENOS AIRES,A la calle,FRANUS S.A,Anabella Guerrero,hdalto@mostazaweb.com.ar,egassman@mostazaweb.com.ar
FCYB,FMCB1,Hernán Dalto,Brenda Moreno,City Bell,citybell@mostazaweb.com.ar,av cantilo 282,City Bell,BUENOS AIRES,A la calle,MEMASES S.A.,Anabella Guerrero,hdalto@mostazaweb.com.ar,egassman@mostazaweb.com.ar
FRDN,FRPNI,Hernán Dalto,Brenda Moreno,República,republica@mostazaweb.com.ar,Calle 34 entre 12 y 13,La Plata,BUENOS AIRES,A la calle,SOBREMESA S.R.L,Anabella Guerrero,hdalto@mostazaweb.com.ar,egassman@mostazaweb.com.ar
FGON,FGONN,Hernán Dalto,Brenda Moreno,Gonnet,gonnet@mostazaweb.com.ar,Calle 522 esquina 19,La Plata,BUENOS AIRES,Auto Mostaza,TEN POINTS S.A.,Anabella Guerrero,hdalto@mostazaweb.com.ar,egassman@mostazaweb.com.ar
FMRG,FROG,Hernán Dalto,Brenda Moreno,Rotonda,gutierrez@mostazaweb.com.ar,Avenida presidente Illia N°25,Berazategui,BUENOS AIRES,Auto Mostaza,NINE POINTS,Anabella Guerrero,hdalto@mostazaweb.com.ar,bmoreno@mostazaweb.com.ar
FBER,FMBER,Hernán Dalto,Brenda Moreno,Berazategui,berazategui@mostazaweb.com.ar,Calle 14 Nro 4936,Berazategui,BUENOS AIRES,A la calle,MOSTABERA SAS,Anabella Guerrero,hdalto@mostazaweb.com.ar,bmoreno@mostazaweb.com.ar
FMWVP,FMWVP,Hernán Dalto,Brenda Moreno,Wilde,wilde@mostazaweb.com.ar,Av. Bartolomé Mitre 6551 (esquina Salcedo),Wilde (Avellaneda),BUENOS AIRES,Auto Mostaza,Mitre Burguer Point SA,Anabella Guerrero,hdalto@mostazaweb.com.ar,bmoreno@mostazaweb.com.ar
FCQU,FCFQU,Hernán Dalto,Brenda Moreno,Carre Quilmes,carrefourquilmes@mostazaweb.com.ar,Av la plata 1400,Quilmes,BUENOS AIRES,Shopping,OCTOPUS GROUP S.A.,Anabella Guerrero,criccaddona@mostazaweb.com.ar,acrespin@mostazaweb.com.ar
FUSH,FUSHA,Hernán Dalto,Brenda Moreno,Ushuaia,ushuaia@mostazaweb.com.ar,shopping Paseo del FUego,Ushuaia,TIERRA DEL FUEGO,Shopping,LOGISTICA Y SERVICIOS S.R.L.,Tomás Vera,hdalto@mostazaweb.com.ar,bmoreno@mostazaweb.com.ar
FRGD,FRGRD,Hernán Dalto,Brenda Moreno,Río Grande,riogrande@mostazaweb.com.ar,11 de julio 795,Río Grande,TIERRA DEL FUEGO,Shopping,LOGISTICA Y SERVICIOS S.R.L.,Tomás Vera,hdalto@mostazaweb.com.ar,bmoreno@mostazaweb.com.ar
FRGA,,Hernán Dalto,Brenda Moreno,Río Gallegos,riogallegos@mostazaweb.com.ar,Alberdi 174,Rio Gallegos,SANTA CRUZ,A la calle,ANDES FOOD S.A,Tomás Vera,criccaddona@mostazaweb.com.ar,rayala@mostazaweb.com.ar
FPSA,FTART,Hernán Dalto,Fabrizio Bollero,Portal Salta,portalsalta@mostazaweb.com.ar,20 de Febrero 1437,SALTA,SALTA,Shopping,GASTRONOMIA SAN FRANCISCO S.R.L,Francisco Rametta,hdalto@mostazaweb.com.ar,fbollero@mostazaweb.com.ar
FSLI,FSLIB,Hernán Dalto,Fabrizio Bollero,Salta Libertad,saltalibertad@mostazaweb.com.ar,Av Tavella s/n,SALTA,SALTA,Shopping,ZONSUR S.R.L,Francisco Rametta,hdalto@mostazaweb.com.ar,fbollero@mostazaweb.com.ar
FSVP,FSAL4,Hernán Dalto,Fabrizio Bollero,Salta Peatonal,saltapeatonal@mostazaweb.com.ar,ALBERDI 242,SALTA,SALTA,A la calle,LIBERTAD OPERACIONES  S.A,Francisco Rametta,hdalto@mostazaweb.com.ar,fbollero@mostazaweb.com.ar
FSAA,FMSAA,Hernán Dalto,Fabrizio Bollero,Salta Auto,saltaesquinaauto@mostazaweb.com.ar,Av. Reyes Católicos y Las Palmeras,SALTA,SALTA,A la calle,SABADI SRL,Francisco Rametta,hdalto@mostazaweb.com.ar,fbollero@mostazaweb.com.ar
FJUJ,FJUJY,Hernán Dalto,Fabrizio Bollero,Jujuy,jujuy@mostazaweb.com.ar,Belgrano 563 piso 2 local 308,San Salvador de Jujuy,JUJUY,Shopping,CANDELIA S.R.L.,Francisco Rametta,hdalto@mostazaweb.com.ar,fbollero@mostazaweb.com.ar
FSAO,FSAO,Hernán Dalto,Fabrizio Bollero,Salta Orán,oran@mostazaweb.com.ar,LOPEZ Y PLANES 585,ORAN,SALTA,A la calle,ZENTA FOOD,Francisco Rametta,hdalto@mostazaweb.com.ar,fbollero@mostazaweb.com.ar
FMSAA,FMSAA,Hernán Dalto,Fabrizio Bollero,Salta Auto 2,,,,,,,,,
FJUJ,FJUJ,Hernán Dalto,Fabrizio Bollero,Jujuy 2,jujuy@mostazaweb.com.ar,Belgrano 563 piso 2 local 308,San Salvador de Jujuy,JUJUY,Shopping,,Francisco Rametta,hdalto@mostazaweb.com.ar,fbollero@mostazaweb.com.ar
FMCNT,FMCNT,Cecilia Riccadonna,Aylen Crespin,Constitución,constitucion@mostazaweb.com.ar,AV. BRASIL 1153,CABA,CABA,A la calle,MAYONESA S.R.L,Anabella Guerrero,criccaddona@mostazaweb.com.ar,acrespin@mostazaweb.com.ar
FMPYA,FMPYA,Cecilia Riccadonna,Aylen Crespin,Pompeya,pompeya@mostazaweb.com.ar,Avenida Saenz 1043,Pompeya,CABA,A la calle,EXPANSION DRF S.R.L.,Anabella Guerrero,criccaddona@mostazaweb.com.ar,acrespin@mostazaweb.com.ar
FMTER,FMRYT,Cecilia Riccadonna,Aylen Crespin,Terrada,,Av. Rivadavia 7299,Flores,CABA,,SINERGIA SAS,Fernando Soria,criccaddona@mostazaweb.com.ar,rayala@mostazaweb.com.ar
FFLO,FFLOR,Cecilia Riccadonna,Aylen Crespin,Flores,flores@mostazaweb.com.ar,AV RIVADAVIA 6912,FLORES,CABA,A la calle,MAGRETA S.A.,Fernando Soria,criccaddona@mostazaweb.com.ar,rayala@mostazaweb.com.ar
FMPRI,FMPRI,Cecilia Riccadonna,Aylen Crespin,Primera Junta,primerajunta@mostazaweb.com.ar,AV RIVADAVIA 5576,CABALLITO,CABA,Auto Mostaza,BIG B POINTS S.A,Fernando Soria,criccaddona@mostazaweb.com.ar,rayala@mostazaweb.com.ar
FMONC,FMONC,Cecilia Riccadonna,Aylen Crespin,Once,once@mostazaweb.com.ar,AV RIVADAVIA 2261,ONCE,CABA,A la calle,EVOLUCION DRF S.R.L,Fernando Soria,criccaddona@mostazaweb.com.ar,rayala@mostazaweb.com.ar
FCAB,FCABI,Cecilia Riccadonna,Aylen Crespin,Cabildo,cabildo@mostazaweb.com.ar,CABILDO 2150,CABA,CABA,A la calle,MTZ CABILDO SAS,Tomás Vera,mmedina@mostazaweb.com.ar,iayala@mostazaweb.com.ar
FMCYM,FMCYM,Cecilia Riccadonna,Aylen Crespin,Cabildo 2,cabildo2@mostazaweb.com.ar,CABILDO 2530,CABA,CABA,A la calle,MTZ CABILDO SAS,Tomás Vera,mmedina@mostazaweb.com.ar,iayala@mostazaweb.com.ar
FSPI,FSPIN,Cecilia Riccadonna,Aylen Crespin,Spinetto,spinetto@mostazaweb.com.ar,Adolfo Alsina 2302,CABA,CABA,Shopping,ROS GROUP S.R.L,Fernando Soria,criccaddona@mostazaweb.com.ar,acrespin@mostazaweb.com.ar
FBOL,FMBLV,Cecilia Riccadonna,Aylen Crespin,Bolívar,bolivar@mostazaweb.com.ar,DOMINGO FAUSTINO SARMIENTO 770,BOLIVAR,BUENOS AIRES,A la calle,COMERCIAL BOLIVAR S.A.,Tomás Vera,criccaddona@mostazaweb.com.ar,rayala@mostazaweb.com.ar
FMJUN,FMJUN,Cecilia Riccadonna,Aylen Crespin,Junín,junin@mostazaweb.com.ar,Benito de Miguel 140,Junín,BUENOS AIRES,A la calle,COMERCIAL BOLIVAR S.A.,Tomás Vera,criccaddona@mostazaweb.com.ar,rayala@mostazaweb.com.ar
FMFOR,FMFOR,Cecilia Riccadonna,Aylen Crespin,Formosa,formosa@mostazaweb.com.ar,Av. Gendarmería Nacional 850,FORMOSA,FORMOSA,Auto Mostaza,IDAVE SRL,Tomás Vera,criccaddona@mostazaweb.com.ar,rayala@mostazaweb.com.ar
FTU2,FMTCM,Cecilia Riccadonna,Ailen Perez,Tucumán 2,tucuman2@mostazaweb.com.ar,Av. Aconquija 1300,YERBA BUENA,TUCUMAN,A la calle,GASTRONOMIA MODERNA S.R.L,Francisco Rametta,mmedina@mostazaweb.com.ar,aperez@mostazaweb.com.ar
FTU3,FMTM2,Cecilia Riccadonna,Ailen Perez,Tucumán 3,tucuman3@mostazaweb.com.ar,25 DE MAYO 392,S.M. DE TUCUMAN,TUCUMAN,A la calle,DRAS S.R.L,Francisco Rametta,mmedina@mostazaweb.com.ar,aperez@mostazaweb.com.ar
FTU4,FMTU4,Cecilia Riccadonna,Ailen Perez,Tucumán 4,tucuman4@mostazaweb.com.ar,Av Juan Domingo Peron 1900,YERBA BUENA,TUCUMAN,Shopping,ZONSUR S.R.L,Francisco Rametta,mmedina@mostazaweb.com.ar,aperez@mostazaweb.com.ar
FTC5,FTC5,Cecilia Riccadonna,Ailen Perez,Tucumán 5,tucuman5@mostazaweb.com.ar,Av. Mate de Luna 4107,YERBA BUENA,TUCUMAN,Auto Mostaza,FELMOR GROUP SAS,Francisco Rametta,mmedina@mostazaweb.com.ar,aperez@mostazaweb.com.ar
FTC6,FMTU6,Cecilia Riccadonna,Ailen Perez,Tucumán 6,tucuman6@mostazaweb.com.ar,SOLDATI 26,S.M. DE TUCUMAN,TUCUMAN,Auto Mostaza,REDFOOD SRL,Francisco Rametta,mmedina@mostazaweb.com.ar,aperez@mostazaweb.com.ar
FMTU7,FMTU7,Cecilia Riccadonna,Ailen Perez,Tucumán 7,concepcion@mostazaweb.com.ar,San Martin 1563,CONCEPCION,TUCUMAN,Auto Mostaza,GOLDENSIDE S.R.L,Francisco Rametta,mmedina@mostazaweb.com.ar,aperez@mostazaweb.com.ar
FTC8,FMTC8,Cecilia Riccadonna,Ailen Perez,Tucumán 8,tucuman8@mostazaweb.com.ar,Av. 24 de Septiembre 771,S.M. DE TUCUMAN,TUCUMAN,A la calle,PUNTO 24,Francisco Rametta,mmedina@mostazaweb.com.ar,aperez@mostazaweb.com.ar
FMTU9,FMTU9,Cecilia Riccadonna,Ailen Perez,Tucumán 9,tucuman9@mostazaweb.com.ar,AV. PERON 1500,Tucumán,TUCUMAN,Auto Mostaza,MILON SAS,Francisco Rametta,mmedina@mostazaweb.com.ar,aperez@mostazaweb.com.ar
FSDE,FSANT,Cecilia Riccadonna,Ailen Perez,S. del Estero,portalsantiago@mostazaweb.com.ar,Av ejercito Argentino y rivadavia,Sgo. del Estero,SGO DEL ESTERO,Shopping,GASTRONOMIA MODERNA S.R.L,Francisco Rametta,hdalto@mostazaweb.com.ar,bmoreno@mostazaweb.com.ar
FLUJ,FLUJA,Cecilia Riccadonna,Paula Martinez,Luján,lujan@mostazaweb.com.ar,AV SAN MARTIN 165,LUJAN,BUENOS AIRES,A la calle,CLONI S.A,Fernando Soria,mmedina@mostazaweb.com.ar,pmartinez@mostazaweb.com.ar
FFRA,FFRA,Cecilia Riccadonna,Paula Martinez,F. Álvarez,franciscoalvarez@mostazaweb.com.ar,Gorriti 1077,Moreno,BUENOS AIRES,A la calle,EL SEÑUELO SAS,Fernando Soria,mmedina@mostazaweb.com.ar,pmartinez@mostazaweb.com.ar
FMER,FMERL,Cecilia Riccadonna,Paula Martinez,Merlo,merlo@mostazaweb.com.ar,AV LIBERTADOR 487,MERLO,BUENOS AIRES,A la calle,BARSI FOOD S.A,Fernando Soria,mcastillo@mostazaweb.com.ar,rpereiro@mostazaweb.com.ar
,,Cecilia Riccadonna,Paula Martinez,Morón,,,,,,GRUPO AGL,,,
FLIN,FLINR,Cecilia Riccadonna,Paula Martinez,Liniers,liniers@mostazaweb.com.ar,AV RIVADAVIA 11576,LINIERS,CABA,A la calle,PARADOR 71 S.R.L,Fernando Soria,criccaddona@mostazaweb.com.ar,rayala@mostazaweb.com.ar
FSM2,FMSM3,Cecilia Riccadonna,Paula Martinez,San Miguel 3,sanmiguel2@mostazaweb.com.ar,Av. Pres. J.D.Peron 1398,SAN MIGUEL,BUENOS AIRES,A la calle,JULUSA,Tomás Vera,mcastillo@mostazaweb.com.ar,rpereiro@mostazaweb.com.ar
FMSMA,FMSMA,Cecilia Riccadonna,Paula Martinez,San Miguel A.,sanmiguelauto@mostazaweb.com.ar,ARTURO ILLIA 3811,SAN MIGUEl,BUENOS AIRES,Auto Mostaza,JULUSA,Tomás Vera,mcastillo@mostazaweb.com.ar,rpereiro@mostazaweb.com.ar
FSAF,FSAF,Cecilia Riccadonna,Paula Martinez,San Fernando,sanfernando@mostazaweb.com.ar,CONSTITUCION 804,SAN FERNANDO,BUENOS AIRES,A la calle,L.C TRESEM  S.R.L,Tomás Vera,mcastillo@mostazaweb.com.ar,rpereiro@mostazaweb.com.ar
FMORE,FMMRE,Cecilia Riccadonna,Paula Martinez,Moreno,moreno2@mostazaweb.com.ar,Bartolomé Mitre 2679,MORENO,BUENOS AIRES,A la calle,EL SEÑUELO SAS,Fernando Soria,mmedina@mostazaweb.com.ar,pmartinez@mostazaweb.com.ar
FCOR,FMCOR,Cecilia Riccadonna,Paula Martinez,Corrientes,corrientes1@mostazaweb.com.ar,Av. Raul Alfonsin 3525,Corrientes,CORRIENTES,A la calle,CUANTODEJA SRL,Francisco Rametta,mcastillo@mostazaweb.com.ar,rpereiro@mostazaweb.com.ar
FMRES,FMRES,Cecilia Riccadonna,Paula Martinez,Resistencia,resistencia@mostazaweb.com.ar,Sta Maria de oro y Roca 99,Resistencia,CHACO,A la calle,GASTRONOMIA MODERNA S.R.L,Francisco Rametta,mcastillo@mostazaweb.com.ar,rpereiro@mostazaweb.com.ar
FSLS,FMSLI,Cecilia Riccadonna,Paula Martinez,San Luis,sanluis@mostazaweb.com.ar,Rivadavia 681,SAN LUIS,SAN LUIS,A la calle,GRUPO KRAN S. A. S.,Francisco Rametta,mcastillo@mostazaweb.com.ar,rpereiro@mostazaweb.com.ar
FVDP,FVDP,Melisa Castillo,Iris Ayala,Villa del Parque,villadelparque@mostazaweb.com.ar,Cuenca 3070,VILLA DEL PARQUE,CABA,A la calle,TRESOL,Tomás Vera,mmedina@mostazaweb.com.ar,iayala@mostazaweb.com.ar
FMMCB,FMMCB,Melisa Castillo,Iris Ayala,Caseros,caseros@mostazaweb.com.ar,"Justo José de Urquiza 4751/4753, B1678AEC",Caseros,BUENOS AIRES,A la calle,TRESOL,Tomás Vera,,
FMSVP,FMSVP,Melisa Castillo,Iris Ayala,San Martín 2,smpeatonal@mostazaweb.com.ar,ALBERTO CAMPOS 2045,SAN MARTIN,BUENOS AIRES,A la calle,LIBERTAD OPERACIONES  S.A,Tomás Vera,mmedina@mostazaweb.com.ar,pmartinez@mostazaweb.com.ar
FSMA,F3DF,Melisa Castillo,Iris Ayala,San Martín Auto,sanmartinauto@mostazaweb.com.ar,RICARDO BALBIN 2276,SAN MARTIN,BUENOS AIRES,Auto Mostaza,LOS INVENCIBLES S.A,Tomás Vera,mmedina@mostazaweb.com.ar,pmartinez@mostazaweb.com.ar
FSIS,FMSIS,Melisa Castillo,Iris Ayala,San Isidro,sanisidro@mostazaweb.com.ar,Av. Centenario 302,SAN ISIDRO,BUENOS AIRES,A la calle,BARSI FOOD S.A,Tomás Vera,mmedina@mostazaweb.com.ar,iayala@mostazaweb.com.ar
FGBG,FGRBG,Melisa Castillo,Iris Ayala,Grand Bourg,grandbourg@mostazaweb.com.ar,Av. Eva Duarte de Perón 1461,Grand Bourg,BUENOS AIRES,A la calle,ZVEZA S.R.L,Tomás Vera,mcastillo@mostazaweb.com.ar,rpereiro@mostazaweb.com.ar
FJCP,FMJCP,Melisa Castillo,Iris Ayala,José C. Paz,josecpaz@mostazaweb.com.ar,Hipólito Yrigoyen 1740,José C Paz,BUENOS AIRES,A la calle,BURGERBUS S.A.,Tomás Vera,mcastillo@mostazaweb.com.ar,rpereiro@mostazaweb.com.ar
FZAR,FMZAR,Melisa Castillo,Iris Ayala,Zárate,zarate@mostazaweb.com.ar,Felix Pagola 22,ZARATE,BUENOS AIRES,A la calle,LYSON,Tomás Vera,mmedina@mostazaweb.com.ar,mpardo@mostazaweb.com.ar
FPPI,FPMPI,Melisa Castillo,Iris Ayala,Palmas Pilar,palmasdelpilar@mostazaweb.com.ar,LAS MAGNOLIAS 754,PILAR,BUENOS AIRES,Shopping,AYAM MARCELO ROBERTO,Tomás Vera,mmedina@mostazaweb.com.ar,iayala@mostazaweb.com.ar
FMRVP,FMRVP,Melisa Castillo,Iris Ayala,La Rioja,larioja@mostazaweb.com.ar,25 DE MAYO 48,LA RIOJA,LA RIOJA,A la calle,ARLEQUINO SRL,Fernando Soria,mmedina@mostazaweb.com.ar,iayala@mostazaweb.com.ar
FCAT,FMCAT,Melisa Castillo,Iris Ayala,Catamarca,catamarca@mostazaweb.com.ar,Rivadavia 662,S.F. DEL VALLE,CATAMARCA,A la calle,CORCAN S.R.L,Fernando Soria,mmedina@mostazaweb.com.ar,iayala@mostazaweb.com.ar
FMGUA,FMGUA,Melisa Castillo,Iris Ayala,Gualeguaychú,,,,,,MOSTAZA GUALEGUAYCHU SRL,,,
FPCH,FMPCH,Melisa Castillo,Camilo Silva,Parque Chac,chacabuco@mostazaweb.com.ar,AV ASAMBLEA 915,CABA,CABA,A la calle,EZIO S.A,Fernando Soria,criccaddona@mostazaweb.com.ar,acrespin@mostazaweb.com.ar
FBOE,FMBOE,Melisa Castillo,Camilo Silva,Boedo,boedo@mostazaweb.com.ar,Boedo 750,CABA,CABA,A la calle,BOEDO GOURMET SRL,Fernando Soria,mcastillo@mostazaweb.com.ar,csilva@mostazaweb.com.ar
FSTM,FMSTO,Melisa Castillo,Camilo Silva,San Telmo,santelmo@mostazaweb.com.ar,DEFENSA 984,SAN TELMO,CABA,A la calle,ROSDA S.R.L,Anabella Guerrero,mcastillo@mostazaweb.com.ar,csilva@mostazaweb.com.ar
FAVM,FAMAY,Melisa Castillo,Camilo Silva,Av. de Mayo,avenidademayo@mostazaweb.com.ar,avenida de mayo 1402,CABA,CABA,A la calle,TREVAGO S.A.,Fernando Soria,mcastillo@mostazaweb.com.ar,csilva@mostazaweb.com.ar
FAVM2,FAMA2,Melisa Castillo,Camilo Silva,Av. de Mayo 2,avenidademayo2@mostazaweb.com.ar,bernardo de irigoyen 60,CABA,CABA,A la calle,TREVAGO S.A.,Fernando Soria,mcastillo@mostazaweb.com.ar,csilva@mostazaweb.com.ar
F9DJ,FM9JU,Melisa Castillo,Camilo Silva,9 de Julio,9dejulio@mostazaweb.com.ar,av santa fe 1101,CABA,CABA,A la calle,L&A BURGER,Tomás Vera,mcastillo@mostazaweb.com.ar,csilva@mostazaweb.com.ar
FMCYC,FMCYC,Melisa Castillo,Camilo Silva,Callao,corrientes3@mostazaweb.com.ar,AV CALLAO 402,CABA,CABA,A la calle,CUANTODEJA SRL,Tomás Vera,mcastillo@mostazaweb.com.ar,csilva@mostazaweb.com.ar
,,Melisa Castillo,Camilo Silva,Av. Córdoba,,,,,,,,,
FURQ,FMURQ,Melisa Castillo,Camilo Silva,Urquiza,urquiza@mostazaweb.com.ar,Av. Triunvirato 4714,CABA,CABA,A la calle,LOS INVENCIBLES S.A,Tomás Vera,mmedina@mostazaweb.com.ar,iayala@mostazaweb.com.ar
FRSF,FSFER,Melisa Castillo,Camilo Silva,Ribera Santa Fe,santafe@mostazaweb.com.ar,shopping la ribera dique 1,santa fe,SANTA FE,Shopping,OPERADOR RIBERA S.R.L,Francisco Rametta,mcastillo@mostazaweb.com.ar,csilva@mostazaweb.com.ar
FWSF,FSFEW,Melisa Castillo,Camilo Silva,Walmart Sta. Fe,wsantafe@mostazaweb.com.ar,Ruta 168 km,santa fe,SANTA FE,Shopping,IMEGA S.R.L,Francisco Rametta,mcastillo@mostazaweb.com.ar,csilva@mostazaweb.com.ar
FMSFV,FMSFV,Melisa Castillo,Camilo Silva,Santa Fe P.,santafe4@mostazaweb.com.ar,San martin 2601,santa fe,SANTA FE,A la calle,LIBERTAD OPERACIONES  S.A,Francisco Rametta,mcastillo@mostazaweb.com.ar,csilva@mostazaweb.com.ar
FRAF,FRAFA,Melisa Castillo,Camilo Silva,Rafaela,rafaela@mostazaweb.com.ar,Sargento Cabral 95,Rafaela,SANTA FE,A la calle,IMPRUV S.A.,Francisco Rametta,mcastillo@mostazaweb.com.ar,csilva@mostazaweb.com.ar
FPRO,FPROS,Melisa Castillo,Elisabet Gassman,Portal Rosario,portalrosario@mostazaweb.com.ar,NANSE 323,ROSARIO,SANTA FE,Shopping,IMEGA S.R.L,Francisco Rametta,mcastillo@mostazaweb.com.ar,sorlando@mostazaweb.com.ar
FPEL,FMROS,Melisa Castillo,Elisabet Gassman,Pellegrini,pellegrinirosario@mostazaweb.com.ar,Pellegrini 1431,Rosario,SANTA FE,Auto Mostaza,PELLEGRINI BEST FOOD S.A,Francisco Rametta,mcastillo@mostazaweb.com.ar,sorlando@mostazaweb.com.ar
FRSM,FRSM,Melisa Castillo,Elisabet Gassman,Rosario Sur,rosariosur@mostazaweb.com.ar,Avenida San Martin,Rosario,SANTA FE,A la calle,GAMISUR S.A,Francisco Rametta,mcastillo@mostazaweb.com.ar,sorlando@mostazaweb.com.ar
FROA,FORO,Melisa Castillo,Elisabet Gassman,Oroño,autoorono@mostazaweb.com.ar,Oroño 3120,Rosario,SANTA FE,Auto Mostaza,MADILAGA S.A.,Francisco Rametta,mcastillo@mostazaweb.com.ar,sorlando@mostazaweb.com.ar
FMSNI,FMSNI,Melisa Castillo,Elisabet Gassman,San Nicolás,sannicolas@mostazaweb.com.ar,Mitre 449,San Nicolás,BUENOS AIRES,Auto Mostaza,PUA NANI S.R.L,Francisco Rametta,mcastillo@mostazaweb.com.ar,sorlando@mostazaweb.com.ar
FMPUM,FMPUM,Melisa Castillo,Elisabet Gassman,Puma,pumarosario@mostazaweb.com.ar,Autopista Rosario-BsAs KM 282,Funes,SANTA FE,Auto Mostaza,FGC FUELS MARKETING S.A,Francisco Rametta,mcastillo@mostazaweb.com.ar,sorlando@mostazaweb.com.ar
FMFUN,FMFUN,Melisa Castillo,Elisabet Gassman,Funes,,Av. Córdoba 1291,FUNES,SANTA FE,,ALADOS SA,Francisco Rametta,mcastillo@mostazaweb.com.ar,sorlando@mostazaweb.com.ar
FGUE,FGUE,,,Güemes,guemes@mostazaweb.com.ar,guemes 3901,PALERMO,CABA,A la calle,LOS INVENCIBLES S.A,Tomás Vera,mmedina@mostazaweb.com.ar,iayala@mostazaweb.com.ar
FMMSM,FMMSM,Darío D.,Agustina Grigas,Mendoza Centro,avsanmartin@mostazaweb.com.ar,Lavalle 35 piso 5to depto 9,Mendoza Capital,MENDOZA,A la calle,ALIMENTOS DEL OESTE S.R.L,Fernando Soria,hdalto@mostazaweb.com.ar,agrigas@mostazaweb.com.ar
FMMCO,FMMCO,Darío D.,Agustina Grigas,Mendoza Colón,avcolon@mostazaweb.com.ar,Chile 925 piso 9 depto 6,Mendoza Capital,MENDOZA,Auto Mostaza,ALIMENTOS DEL OESTE S.R.L,Fernando Soria,hdalto@mostazaweb.com.ar,agrigas@mostazaweb.com.ar
FSRM,FSRM,Darío D.,Agustina Grigas,San Rafael,sanrafael@mostazaweb.com.ar,Hipolito Yrigoyen 1530,San rafael,MENDOZA,Auto Mostaza,FARTRES MDZ S.A,Tomás Vera,hdalto@mostazaweb.com.ar,bmoreno@mostazaweb.com.ar
FBA1,FMBRC,,,Bariloche,bariloche@mostazaweb.com.ar,Mitre 114,Bariloche,RIO NEGRO,A la calle,BURIEL GASTRONOMICA S.A.,Tomás Vera,hdalto@mostazaweb.com.ar,egassman@mostazaweb.com.ar
MWG,MWG,Alejandro Alvarez,MELISA SARATIEGUI,WALMART GUAYMALLEN,walmartmendoza@mostazaweb.com.ar,MOLDES 1221,GUAYMALLEN,MENDOZA,,MOSTAZA Y PAN S.A.,,,
MBM,MBM,Alejandro Alvarez,LAUTARO PUEBLA,BARRACAS MALL,barracamall@mostazaweb.com.ar,LAS CAÑAS 1833,DORREGO,MENDOZA,,MOSTAZA Y PAN S.A.,,,
MML,MML,Alejandro Alvarez,DANISA MANZANELLI,LUJAN DE CUYO,lujandecuyo@mostazaweb.com.ar,Av. Roque Saenz Peña 1110 esquina Corvalan,MENDOZA,MENDOZA,,MOSTAZA Y PAN S.A.,,,
MMZ,MMZ,Alejandro Alvarez,AGOSTINA GRIGAS,MENDOZA,mendoza@mostazaweb.com.ar,AV.ACCESO ESTE 3280,GUAYMALLEN,MENDOZA,,MOSTAZA Y PAN S.A.,,,
MAM,MAM,Alejandro Alvarez,JAVIER MANUCCIA,ARENA MAIPU,arenamaipu@mostazaweb.com.ar,"EMILIO CIVIT 791 , MAIPU , MENDOZA",,,,,,,
MLA,MLA,GIMENA CONTE,MAILEN CASTILLO,NEUQUEN  3 ( LA ANONIMA ),laanonimaneuquen@mostazaweb.com.ar,ANTARTIDA ARGENTINA 1111,NEUQUEN,NEUQUEN,,GASTRO MANANGEMENT GROUP S.A.,,,
MNA,MNA,GIMENA CONTE,BENJAMIN SALAZAR,NEUQUEN 2  ALTO COMAHUE,altocomahue@mostazaweb.com.ar,DR RAMON 355,NEUQUEN,NEUQUEN,,GASTRO MANANGEMENT GROUP S.A.,,,
MNQ,MNQ,GIMENA CONTE,YOSELIN PUENTES,NEUQUEN  1,neuquen@motazaweb.com.ar,JULIAN LASTRA,NEUQUEN,NEUQUEN,,GASTRO MANANGEMENT GROUP S.A.,,,
MWN,MWN,GIMENA CONTE,LAUTARO INDORATO,NEUQUEN  4  ( WALMART ),Walmartneuquen@mostazaweb.com.ar,RN 22 Y A. PERTICONE 1255,NEUQUEN,NEUQUEN,,GASTRO MANANGEMENT GROUP S.A.,,,
MAE,MAE,Alejandro Alvarez,FLORENCIA OTRERAS,AEROPARQUE,aeroparque@mostazaweb.com.ar,AV.COSTANERA RAFAEL OBLIGADO S/N,CABA,BUENOS AIRES,,MOSTAZA Y PAN S.A.,,,
MDO,MDO,Alejandro Alvarez,SELENE GARCIA,DOT,dot@mostazaweb.com.ar,Vedía 3626,CABA,BUENOS AIRES,,MOSTAZA Y PAN S.A.,,,
MVZ,MVZ,Alejandro Alvarez,MELINA MARTINEZ,CARREFOUR VELEZ,velez@mostazaweb.com.ar,"Av. Alvarez Jonte 6383, CP 1408, CABA",CABA,BUENOS AIRES,,,,,
MCW,MCW,Alejandro Alvarez,JOEL VERA,WARNES,warnes@mostazaweb.com.ar,Av. Warnes nº 2707,CABA,BUENOS AIRES,,MOSTAZA Y PAN S.A.,,,
MST,MST,Alejandro Alvarez,CAMILA ROMERO,SAN MARTIN,sanmartin@mostazaweb.com.ar,Av. Gral. Jose  San Martín 420,SAN MARTIN,BUENOS AIRES,,MOSTAZA Y PAN S.A.,,,
MNC,MNC,Alejandro Alvarez,SOL GARCIA,NORCENTER,norcenter@mostazaweb.com.ar,Esteban Echeverría 3750,MUNRO,BUENOS AIRES,,MOSTAZA Y PAN S.A.,,,
MOT,MOT,Alejandro Alvarez,AYELEN QUINTEROS,TORTUGUITA,tortugas@mostazaweb.com.ar,"Panamericana km36,5  Ramal oeste",MALVINAS ARGENTINA,BUENOS AIRES,,MOSTAZA Y PAN S.A.,,,
MSF,MSF,Alejandro Alvarez,REBECCA PRADO,SOLEIL,soleil@mostazaweb.com.ar,Bernardo de Irigoyen 2647,BOULOGNNE,BUENOS AIRES,,MOSTAZA Y PAN S.A.,,,
MPP,MPP,Alejandro Alvarez,MARCOS POLZONI,PASEO PILAR,paseopilar@mostazaweb.com.ar,"panamericana, Ramal Pilar km 44, B1669 Del Viso",,,,,,,
MBP,MBP,Alejandro Alvarez,BARBARA PORTILLO,PACHECO,pacheco@mostazaweb.com.ar,"Av. Hipólito Yrigoyen 816, Gral. Pacheco, Provincia de Buenos Aires",,,,,,,
MCT,MCT,Alejandro Alvarez,CRISTIAN MONTENEGRO,CONSTITUYENTES,constituyentes@mostazaweb.com.ar,"Av. de los Constituyentes 6020,",CABA,BUENOS AIRES,,MOSTAZA Y PAN S.A.,,,
MDV,MDV,Alejandro Alvarez,MATIAS LOPEZ,DEVOTO,devoto@mostazaweb.com.ar,José Pedro Varela 4862,VILLA DEVOTO,BUENOS AIRES,,MOSTAZA Y PAN S.A.,,,
MPA,MPA,Alejandro Alvarez,LUCIANA FREDE,PANAMERICANA,panamericana@mostazaweb.com.ar,Parana 3999,MARTINEZ,BUENOS AIRES,,MOSTAZA Y PAN S.A.,,,
MAN,MAN,GIMENA CONTE,GISELLA RAMIREZ,NEUQUEN AUTO,perticone@mostazaweb.com.ar,Perticonne 215,,,,,,,
MMH,MMH,GIMENA CONTE,NATALIA DIMARCO,HAEDO AUTO,Haedo2@mostazaweb.com.ar,Av. Luis P. Güemes 452 Haedo,HAEDO,BUENOS AIRES,,MOSTAZA Y PAN S.A.,,,
MAR,MAR,GIMENA CONTE,CINTHIA SOSA,ALTO ROSARIO,altorosario@mostazaweb.com.ar,JUNIN 501,ROSARIO,SANTA FE,,MOSTAZA Y PAN S.A.,,,
MCR,MCR,GIMENA CONTE,NICOLE COFFARO,CITY ROSARIO,citycenter@mostazaweb.com.ar,BV OROÑO Y AV. CIRCUNVALACION,ROSARIO,SANTA FE,,MOSTAZA Y PAN S.A.,,,
MNI,MNI,Gimena Conte,SOFIA AVALOS,NINE,nine@mostazaweb.com.ar,Victorica 1128,MORENO,BUENOS AIRES,,MOSTAZA Y PAN S.A.,,,
MMVP,MMVP,Gimena Conte,ROCIO LOPEZ,MORON,moron@mostazaweb.com.ar,BELGRANO 274,MORON,BUENOS AIRES,,MOSTAZA Y PAN S.A.,,,
MPO,MPO,GIMENA CONTE,XIMENA CABEZAS,PLAZA OESTE,MORON2@MOSTAZAWEB.COM.AR,Av Brig Gral Juan M. de Rosas 658,MORON,BUENOS AIRES,,MOSTAZA Y PAN S.A.,,,
MSM,MSM,Gimena Conte,FRANCO FERNANDEZ,SAN MIGUEL 1,sanmiguel@mostazaweb.com.ar,Ruta 8 Y 202 Av Arturo Illia3770,MALVINAS ARGENTINA,BUENOS AIRES,,MOSTAZA Y PAN S.A.,,,
MLU,MLU,GIMENA CONTE,MILAGROS MORUZZI,LUJAN 2,lujan2@mostazaweb.com.ar,Roberto Payro 198,LUJAN,BUENOS AIRES,,MSOTAZA Y PAN S.A.,,,
MCS,MCS,Gimena Conte,NADINE MORALES,SAN JUSTO 4,carrefoursanjusto@mostazaweb.com.ar,Av Don Bosco 2680,SAN JUSTO,BUENOS AIRES,,MOSTAZA Y PAN S.A.,,,
MGC,MGC,Gimena Conte,BELEN VILCA,CATAN,catan@mostazaweb.com.ar,Av Brigadier Gral. Juan Manuel de Rosas 14457. Ruta 3 km 29,GONZALES CATAN,BUENOS AIRES,,MOSTAZA Y PAN S.A.,,,
MSJ,MSJ,Gimena Conte,CINTHIA BUSTAMANTE,SAN JUSTO 1,sanjusto@mostazaweb.com.ar,Gral. Juan Manuel de Rosas 3910,SAN JUSTO,BUENOS AIRES,,MOSTAZA Y PAN S.A.,,,
MTA,MTA,Gimena Conte,GRISELDA ORTEGA,TABLADA,walmarttablada@mostazaweb.com.ar,Av.Monseñor Bufano  6050,TABLADA,BUENOS AIRES,,MOSTAZA Y PAN S.A.,,,
MWS,MWS,Gimena Conte,CANDELA GARCIA,SAN JUSTO 2,sanjusto2@mostazaweb.com.ar,Gral. Juan Manuel de Rosas 3990,SAN JUSTO,BUENOS AIRES,,MOSTAZA Y PAN S.A.,,,
MEP,MEP,Gimena Conte,JOAQUIN CERSOFIOS,PARANÁ,paseoparana@mostazaweb.com.ar,Corrientes 687,PARANÁ,ENTRE RIOS,,GASTRO MANANGEMENT GROUP S.A.,,,
MSN,MSN,ALEJANDRO ALVAREZ,AYELEN GARCIA,SALTA,salta@mostazaweb.com.ar,VIRREY TOLEDO 702,SALTA,SALTA,,GASTRO MANANGEMENT GROUP S.A.,,,
MUN,MUN,ALEJANDRO ALVAREZ,EZEQUIEL GONZALEZ,UNICENTER,unicenter@mostazaweb.com.ar,Paraná 3745,MARTINEZ,BUENOS AIRES,,MOSTAZA Y PAN S.A.,,,
MCB,MCB,ALEJANDRO ALVAREZ,AGUSTINA RUIZ,CASEROS,caseros@mostazaweb.com.ar,Justo José de Urquiza 4751,CASEROS,BUENOS AIRES,,MOSTAZA Y PAN S.A.,,,
MPF,MPF,ALEJANDRO ALVAREZ,ROMINA SALAZAR,PUERTO DE FRUTO,puertodefrutos@mostazaweb.com.ar,SARMIENTO 157,,BUENOS AIRES,,MOSTAZA Y PAN S.A.,,,
MTC,MTC,ALEJANDRO ALVAREZ,MICAELA QUIJANO,TIGRE CALLE,tigre@mostazaweb.com.ar,"BARTOLOME MITRE 460 , TIGRE",,BUENOS AIRES,,MOSTAZA Y PAN S.A.,,,
MLE,MLE,GIMENA CONTE,JUAN VAÑO,PARQUE LELOIR,leloir@mostazaweb.com.ar,"AV PRESIDENTE PERON 8545 , ITUZAINGO",,BUENOS AIRES,,MOSTAZA Y PAN S.A.,,,
MCC,MCC,Jesica Espinoza,Rocio Arzaroli,COMODORO CENTRO,comodorocentro@mostazaweb.com.ar,SAN MARTIN 401,COMODORO RIVADAVIA,CHUBUT,,GASTRO MANANGEMENT GROUP S.A.,,,
MWC,MWC,Jesica Espinoza,MAITE SEGURA,COMODORO RIVADAVIA,comodoro@mostazaweb.com.ar,ENRIQUE GIROLANO 3100,COMODORO RIVADAVIA,CHUBUT,,GASTRO MANANGEMENT GROUP S.A.,,,
MCH,MCH,Jesica Espinoza,DAMIAN SOTO,Comodoro Auto,,Av Hipolito Yrigoyen,BAHIA BLANCA,BUENOS AIRES,,MOSTAZA Y PAN S.A.,,,
MCA,MCA,Jesica Espinoza,Nicolas Bustos,CARREFOUR AVELLANEDA,carrefouravellaneda@mostazaweb.com.ar,Av Pres Hipolito de Irigoyen 299,AVELLANEDA,BUENOS AIRES,,MOSTAZA Y PAN S.A.,,,
AFA,AFA,Jesica Espinoza,Soraya Morales,AMERICAN FAVS,am.favs@outlook.com,Guemes 897 (Local 206) Avellaneda CP 1870,AVELLANEDA,BUENOS AIRES,,MOSTAZA Y PAN S.A.,,,
MAA,MAA,Jesica Espinoza,Ayelen Clavero,ALTO AVELLANEDA,altoavellaneda@mostazaweb.com.ar,Gral. Güemes 897,AVELLANEDA,BUENOS AIRES,,MOSTAZA Y PAN S.A.,,,
MOC,MOC,Jesica Espinoza,MATIAS BRIZUELA,MADERO 2,madero2@mostazaweb.com.ar,Olga Cossettini 803,CABA,BUENOS AIRES,,MOSTAZA Y PAN S.A.,,,
MPD,MPD,Jesica Espinoza,Mario Peralta,MADERO 3,madero3@mostazaweb.com.ar,Pierina Dealessi  1502,CABA,BUENOS AIRES,,MOSTAZA Y PAN S.A.,,,
MMA,MMA,Jesica Espinoza,CAMILA GIMENEZ,MADRYN,puertomadryn@mostazaweb.com.ar,28 de Julio 188,PUERTO MADRYN,CHUBUT,,MOSTAZA Y PAN S.A.,,,
MTR,MTR,Jesica Espinoza,Jaqueline Saria,TRELEW,trelew@mostazaweb.com.ar,JOSIAH WILLIAMS  209,TRELEW,CHUBUT,,MOSTAZA Y PAN S.A.,,,
MLT,MLT,Jesica Espinoza,Maximo Bianco,LAS TOSCAS,lastoscas@mostazaweb.com.ar,FORMOSA 653,EZEIZA,BUENOS AIRES,,MOSTAZA Y PAN S.A.,,,
MBO,MBO,Jesica Espinoza,MICAELA CABRERA,BOULEVARD,boulevard@mostazaweb.com.ar,H. Yrigoyen 13298,ADROGUE,BUENOS AIRES,,MOSTAZA Y PAN S.A.,,,
MLO,MLO,Jesica Espinoza,cecilia colasantti,LOMITAS,lomitas@mostazaweb.com.ar,COLOMBRES 306,LOMAS DE ZAMORA,BUENOS AIRES,,MOSTAZA Y PAN S.A.,,,
MPL,MPL,Jesica Espinoza,TATIANA SZUKAILO,PORTAL LOMAS,portallomas@mostazaweb.com.ar,Av Antartida Argentina  801  y Frias,LAVALLOL,BUENOS AIRES,,MOSTAZA Y PAN S.A.,,,
MBB,MBB,Jesica Espinoza,FLORENCIA TOBARES,Bahia Blanca,bblanca@mostazaweb.com.ar,O Higgins 40,BAHIA BLANCA,BUENOS AIRES,,MOSTAZA Y PAN S.A.,,,
MQM,MQM,Jesica Espinoza,Nicole Morales,QUILMES  JUMBO,jumboquilmes@mostazaweb.com.ar,Calchaquí 3950,Quilmes Oeste,BUENOS AIRES,,MOSTAZA Y PAN S.A.,,,
MAU,MAU,Jesica Espinoza,Sofia Decker,SARANDI,walmartsarandi@mostazaweb.com.ar,Au. Bs. As- La Plata km 9,SARANDI,BUENOS AIRES,,MOSTAZA Y PAN S.A.,,,
MVA,MVA,Jesica Espinoza,Lorena Avila,VARELA,varela@mostazaweb.com.ar,Av. San Martín 554,VARELA,BUENOS AIRES,,MOSTAZA Y PAN S.A.,,,
MLP,MLP,Jesica Espinoza,CONSTANZA LANATA,LA PLATA,walmartlp@mostazaweb.com.ar,Camino Parque Centenario 1876,La Plata,BUENOS AIRES,,MOSTAZA Y PAN S.A.,,,
MDB,MDB,Jesica Espinoza,GIULIANA ACEBAL,DOLORES,dolores@mostazaweb.com.ar,Ruta 2 KM 202,DOLORES,BUENOS AIRES,,MOSTAZA Y PAN S.A.,,,
MLC,MLC,Pablo Baena,Mailen Suarez,AV LA PLATA CALLE,avlaplata@mostazaweb.com.ar,Av la Plata 1150,BOEDO,BUENOS AIRES,,MOSTAZA Y PAN S.A.,,,
MAC,MAC,Pablo Baena,MICAELA GUTIERREZ,ACOYTE,acoyte@mostazaweb.com.ar,Av. Rivadavia 4994,CABA,BUENOS AIRES,,MOSTAZA Y PAN S.A.,,,
MVC,MVC,Pablo Baena,Reyna Cuevas,CABALLITO,villagecaballito@mostazaweb.com.ar,Av Rivadavia 5071,CABA,BUENOS AIRES,,MOSTAZA Y PAN S.A.,,,
MDI,MDI,Pablo Baena,LOURDES STEPANIUK,DIAGONAL,diagonal@mostazaweb.com.ar,Av. Presidente Roque Saenz Peña 572,CABA,BUENOS AIRES,,MOSTAZA Y PAN S.A.,,,
MFL,MFL,Pablo Baena,Bianca Albarracin,FLORIDA,florida@mostazaweb.com.ar,Florida 267,CABA,BUENOS AIRES,,MOSTAZA Y PAN S.A.,,,
MC9,MC9,Pablo Baena,JHONATHAN RODRIGUEZ,PELLEGRINI BS AS,pellegrini@mostazaweb.com.ar,Córdoba 998,CABA,BUENOS AIRES,,MOSTAZA Y PAN S.A.,,,
MCO,MCO,Pablo Baena,Moira Hoyos,CORRIENTES Y 9 DE JULIO,corrientes@mostazaweb.com.ar,Av. Corrientes 970,CABA,BUENOS AIRES,,MOSTAZA Y PAN S.A.,,,
MF2,MF2,Pablo Baena,Mara Meza,FLORIDA 2,florida2@mostazaweb.com.ar,mlt,CABA,BUENOS AIRES,,MOSTAZA Y PAN S.A.,,,
MGP,MGP,Pablo Baena,Patricia Ferreyra,GALERIAS PACIFICO,galerias@mostazaweb.com.ar,San Martin 678.,CABA,BUENOS AIRES,,MOSTAZA Y PAN S.A.,,,
MPT,MPT,Pablo Baena,TOMAS CASALE,TUCUMAN 1,tucuman@mostazaweb.com.ar,AV.FERMIN CARIOLA   42,YERBA BUENA,TUCUMAN,,MOSTAZA Y PAN S.A.,,,
MRM,MRM,Pablo Baena,MARIA RODRIGUEZ,RECOLETA,recoleta@mostazaweb.com.ar,Junin 1648,RECOLETA,BUENOS AIRES,,MOSTAZA Y PAN S.A.,,,
MCG,MCG,Pablo Baena,Maira Romero,CORDOBA GENERAL PAZ,generalpaz@mostazaweb.com.ar,AV.GENERAL PAZ 123,CAPITAL,CORDOBA,,MOSTAZA Y PAN S.A.,,,
MCL,MCL,Pablo Baena,MAILEN PERALTA,PASEO LIBERTAD,cordobalibertad@mostazaweb.com.ar,LIBERTAD  1100,GENERAL PAZ,CORDOBA,,MOSTAZA Y PAN S.A.,,,
MRC,MRC,Pablo Baena,Ariel Moreno,RIO CUARTO,riocuarto@mostazaweb.com.ar,Sagranderos 200,CORDOBA,CORDOBA,,MOSTAZA Y PAN S.A.,,,
MCP,MCP,Pablo Baena,Yamila Naghi,PATIO OLMOS,patioolmos@mostazaweb.com.ar,VELEZ SARSFIELD 361,PATIO OLMOS,CORDOBA,,MOSTAZA Y PAN S.A.,,,
MCV,MCV,Pablo Baena,Dafne Jofre,VILLA CABRERA,vcabrera@mostazaweb.com.ar,JOSE DE GOYCOHEA2851,VILLA CABRERA,CORDOBA,,MOSTAZA Y PAN S.A.,,,
MSC,MSC,Pablo Baena,Lucia Heredia,NUEVO CENTRO,nuevocentro@mostazaweb.com.ar,"Av. Duarte Quirós 1400, X5000 Córdoba",,CORDOBA,,MOSTAZA Y PAN S.A.,,,
MJC,MJC,Pablo Baena,Agustina Carrizo,SHOPPING JOCKEY CLUB,jockeyclub@mostazaweb.com.ar,ELIAS YOFRE 1050,CAPITAL,CORDOBA,,MOSTAZA Y PAN S.A.,,,
MMP,MMP,Pablo Baena,ALDANA RUIZ,MOSTAZA POSADAS,posadas@mostazaweb.com.ar,Av. Quaranta 3598,MISIONES,MISIONES,,MOSTAZA Y PAN S.A.,,,
MAT,MAT,Pablo Baena,Claudia Ramirez,ALBERDI,alberdi@mostazaweb.com.ar,Av. Juan Bautista Alberdi 7401,MATADEROS,BUENOS AIRES,,MOSTAZA Y PAN S.A.,,,
MAB,MAB,Pablo Baena,Cecilia Soto,ABASTO,abasto@mostazaweb.com.ar,Av. Corrientes 3247,CABA,BUENOS AIRES,,MOSTAZA Y PAN S.A.,,,
MAP,MAP,Pablo Baena,Lucia Padia,ALTO PALERMO,altopalermo@mostazaweb.com.ar,Av. Santa Fé 3253,CABA,BUENOS AIRES,,MOSTAZA Y PAN S.A.,,,
MCJ,MCJ,Pablo Baena,Ezequiel Sanchez,JUAN B JUSTO,juanbjusto@mostazaweb.com.ar,AV CORRIENTES 5790,CABA,BUENOS AIRES,,MOSTAZA Y PAN S.A.,,,
MJS,MJS,Pablo Baena,NAYLA TERAN,TRENES,trenes@mostazaweb.com.ar,Juan b Justo 606,CAPITAL,BUENOS AIRES,,MOSTAZA Y PAN S.A.,,,
MPB,MPB,Pablo Baena,Lucio Zanneti,PARQUE BROWN,parquebrown@mostazaweb.com.ar,Av.Fernandez de la cruz 4602,VILLA LUGANIO,BUENOS AIRES,,MOSTAZA Y PAN S.A.,,,
MPC,MPC,Pablo Baena,Nahiara Vargas,CENTENARIO,centenario@mostazaweb.com.am,AV . DIAZ VELEZ 5009,CABA,BUENOS AIRES,,MOSTAZA Y PAN S.A.,,,
MT1,MT1,Pablo Baena,,FOOD TRUCK,FOODTRUCK@MOSTAZAWEB.COM.AR,,COSTA ATLANTICA,BUENOS AIRES,,MSOTAZA Y PAN S.A.,,,
MSB,MSB,Jesica Espinoza,GERALDINE MUÑOZ,,,,,,,,,,
MMC,MMC,Pablo Baena,YENIFER MARTINS,Posadas Calle,POSADASCALLE@MOSTAZAWEB.COM.AR,San Lorenzo 1176,MISIONES,MISIONES,,MOSTAZA Y PAN S.A,,,
MCM,MCM,Gimena Conte,MELANIE FODERA,MORENO 1,carrefourmoreno@mostazaweb.com.ar,Acceso Oeste y Graham Bell,MORENO,BUENOS AIRES,,MOSTAZA Y PAN S.A.,,,
MIVP,MIVP,GIMENA CONTE,FLORENCIA VAZQUEZ,ITUZAINGO,ITUZAINGO@MOSTAZAWEB.COM.AR,CORONEL PABLO ZUFRIATEGUI 965,ITUZAINGO,BUENOS AIRES,,MOSTAZA Y PAN S.A.,,,
MLZ,MLZ,Jesica Espinoza,LEANDRO PERALTA,,,,,,,,,,
MPIL,MPIL,Jesica Espinoza,Lucila Antunez,,,,,,,,,,
MPAT,MPAT,ALEJANDRO ALVAREZ,BRENDA ALBORNOZ,,pacheco1@mostazaweb.com.ar,,PACHECO,BUENOS AIRES,,MOSTAZA Y PAN S.A.,,,
